stellar_teff_k,rf_peak_period_days,rf_peak_probability,logistic_peak_period_days,logistic_peak_probability
2800.0,173.9478264850578,0.6025067314520292,448.86402307269043,0.875979284476197
2840.2693513303925,173.9478264850578,0.6025486222797919,448.86402307269043,0.875995592271947
2881.1178528952732,173.9478264850578,0.6025800670358366,448.86402307269043,0.8759700027464303
2922.553833981881,173.9478264850578,0.6025969835978044,448.86402307269043,0.8758876105698014
2964.58574366852,173.9478264850578,0.6025938787722337,448.86402307269043,0.875728590757853
3007.2221525473974,173.9478264850578,0.6025633134670338,448.86402307269043,0.8754664228581098
3050.4717544722066,173.9478264850578,0.6024951354905527,489.26222694499216,0.8750814074450811
3094.3433683308763,173.9478264850578,0.6017119562276635,489.26222694499216,0.8745206991688024
3138.8459398437985,173.9478264850578,0.5973302379031118,489.26222694499216,0.862708153802829
3183.988543387921,173.9478264850578,0.5968610628696078,489.26222694499216,0.8619509698045517
3229.7803838470704,173.9478264850578,0.5932652865049203,489.26222694499216,0.8607492361801599
3276.230798488907,173.9478264850578,0.5907528971637803,489.26222694499216,0.8588994805294423
3323.349258868835,173.9478264850578,0.5880125080319625,489.26222694499216,0.850725150692353
3371.145372761329,173.9478264850578,0.5862392536244068,489.26222694499216,0.8413085192085391
3419.6288861190246,173.9478264850578,0.5800953235767793,489.26222694499216,0.8344962382512249
3468.8096850599823,173.9478264850578,0.5733905870180093,489.26222694499216,0.8243636324325689
3518.6977978835303,173.9478264850578,0.5519566564465695,489.26222694499216,0.8110126319627944
3569.3033971151176,173.9478264850578,0.526078127434834,489.26222694499216,0.7913225117890555
3620.636801580542,173.9478264850578,0.5198954207973909,489.26222694499216,0.7758285592024831
3672.7084785100383,173.9478264850578,0.5098156905348721,533.2963089278549,0.7650194608871492
3725.5290456726193,173.9478264850578,0.5031521949580068,533.2963089278549,0.7480208716520842
3779.1092735411075,173.9478264850578,0.484892591879436,533.2963089278549,0.7345564281111945
3833.460087488306,173.9478264850578,0.47861569635516354,533.2963089278549,0.7199078414577478
3888.5925700147695,173.9478264850578,0.4728819983796362,533.2963089278549,0.7009424165164818
3944.5179630085813,173.9478264850578,0.4651889987592295,533.2963089278549,0.678198494953084
4001.247670037664,173.9478264850578,0.4590343436099134,533.2963089278549,0.6609234056982223
4058.793258675041,173.9478264850578,0.4507297767500023,533.2963089278549,0.6397949203250349
4117.166462857544,173.9478264850578,0.4448141534762731,533.2963089278549,0.6254605761898011
4176.379185278442,173.9478264850578,0.43713999800931763,533.2963089278549,0.6065896785587638
4236.443499814477,173.9478264850578,0.43329257627707407,533.2963089278549,0.6017461268156812
4297.371653987827,225.26809002472953,0.41638403317947476,533.2963089278549,0.5775342172981129
4359.176071463434,225.26809002472953,0.40836686122031995,533.2963089278549,0.5648627255636229
4421.86935458229,225.26809002472953,0.4025974699468343,581.2935016298517,0.5564686952449265
4485.464286931134,225.26809002472953,0.3882856328139708,581.2935016298517,0.5411109702201524
4549.973835949117,225.26809002472953,0.3754631941875316,581.2935016298517,0.5284944012630413
4615.411155571942,225.26809002472953,0.3650267931091367,581.2935016298517,0.51640707033063
4681.78958891406,225.26809002472953,0.3492023784691968,581.2935016298517,0.5033888499142188
4749.122670989399,225.26809002472953,0.32358073388968095,581.2935016298517,0.48724701001983983
4817.424131471255,225.26809002472953,0.31398912424858405,581.2935016298517,0.47861595236674576
4886.7078974918695,225.26809002472953,0.2801602974479938,581.2935016298517,0.4562654462435061
4956.988096482261,225.26809002472953,0.26213099097201614,581.2935016298517,0.4390357551799954
5028.279059052903,225.26809002472953,0.24893560009354015,581.2935016298517,0.4290188858408909
5100.595321915849,225.26809002472953,0.2339772431441846,581.2935016298517,0.41075494599953016
5173.951630848841,225.26809002472953,0.20068539323259063,581.2935016298517,0.3827305273392532
5248.362943702092,225.26809002472953,0.1924405788294826,581.2935016298517,0.3705045593283951
5323.8444334482865,225.26809002472953,0.18282927943401642,633.6104889164096,0.35134801761920603
5400.411491276457,225.26809002472953,0.17910876193501188,633.6104889164096,0.33638796155277617
5478.079729730347,225.26809002472953,0.17707373004889648,633.6104889164096,0.32400430965729426
5556.864985891915,225.26809002472953,0.1762697552443179,633.6104889164096,0.31202125820529064
5636.78332461064,225.26809002472953,0.17347160416189517,633.6104889164096,0.29347285672093204
5717.851041779224,225.26809002472953,0.17421307642904918,633.6104889164096,0.2752219734718321
5800.084667656456,225.26809002472953,0.1739997139148695,633.6104889164096,0.26451639325061543
5883.500970237839,225.26809002472953,0.17182335898284057,633.6104889164096,0.25243870107584127
5968.116958674692,225.26809002472953,0.16786218706970715,633.6104889164096,0.23704202441608313
6053.949886742455,225.26809002472953,0.1667556996154886,633.6104889164096,0.2298122957706227
6141.017256358818,225.26809002472953,0.16554715530404301,633.6104889164096,0.22109309239437153
6229.3368211524985,225.26809002472953,0.16533131704698983,633.6104889164096,0.21831181541250383
6318.926590083332,225.26809002472953,0.16501925014866933,633.6104889164096,0.21554167096779145
6409.804831114408,225.26809002472953,0.1649259972119087,633.6104889164096,0.21477228768028553
6501.990074937045,225.26809002472953,0.16488401984136078,690.6360565519087,0.21442693439378227
6595.501118749309,225.26809002472953,0.16448810175486914,690.6360565519087,0.21108782565170464
6690.357030088917,225.26809002472953,0.16427202273184704,690.6360565519087,0.2089123447569619
6786.577150721204,225.26809002472953,0.1640506009689727,690.6360565519087,0.20679088360516318
6884.18110058306,225.26809002472953,0.1640302040587294,690.6360565519087,0.2064725756947601
6983.188781783566,225.26809002472953,0.1640218900287801,690.6360565519087,0.2062906379575851
7083.6203826621695,225.26809002472953,0.1637829362054601,690.6360565519087,0.204772660538028
7185.496381905213,225.26809002472953,0.16377771715155115,690.6360565519087,0.20464766144484423
7288.837552721711,225.26809002472953,0.16377846769513146,690.6360565519087,0.20459891299132324
7393.664967079103,225.26809002472953,0.16378375376700505,690.6360565519087,0.20461047458482456
7500.0,225.26809002472953,0.16379245030758535,690.6360565519087,0.2046694841038476
