row_id,model,mean_probability,hard_vote_rate,mean_threshold,repeats,hard_prediction,planet_name,planet_host,discovery_method_group,y,orbital_period_days,stellar_teff_k,stellar_radius_solar,stellar_mass_solar
71,Nested shallow random forest,0.2163022895038406,0.4666666666666667,0.21403593246613334,15,0,CD Cet b,CD Cet,Radial Velocity,0,2.2907,3130.0,0.17,0.16
111,Nested shallow random forest,0.0053943316789727,0.0,0.23054521455173377,15,0,CoRoTID 223977153 b,CoRoTID 223977153,Transit,0,6.71837,5970.0,0.79,1.08
159,Nested shallow random forest,0.0018020174162350524,0.0,0.22576150428472264,15,0,EPIC 246851721 b,EPIC 246851721,Transit,0,6.180235,6202.0,1.59,1.32
160,Nested shallow random forest,0.19568432650963968,0.26666666666666666,0.2499143407803537,15,0,EPIC 248847494 b,EPIC 248847494,Transit,0,3650.0,4898.0,2.7,0.9
161,Nested shallow random forest,0.00183953740310424,0.0,0.22675862488263182,15,0,EPIC 249893012 b,EPIC 249893012,Transit,0,3.5951,5430.0,1.71,1.05
162,Nested shallow random forest,0.009067093364606755,0.0,0.22675862488263182,15,0,EPIC 249893012 c,EPIC 249893012,Transit,0,15.624,5430.0,1.71,1.05
163,Nested shallow random forest,0.07713136462286263,0.0,0.22675862488263182,15,0,EPIC 249893012 d,EPIC 249893012,Transit,0,35.747,5430.0,1.71,1.05
165,Nested shallow random forest,0.09729762917659253,0.0,0.23468522972496184,15,0,G 264-012 b,G 264-012,Radial Velocity,0,2.30538,3326.0,0.3,0.3
166,Nested shallow random forest,0.13615406282061268,0.06666666666666667,0.23468522972496184,15,0,G 264-012 c,G 264-012,Radial Velocity,0,8.0518,3326.0,0.3,0.3
167,Nested shallow random forest,0.09084679538822277,0.0,0.24567303838027638,15,0,G 9-40 b,G 9-40,Transit,0,5.746007,3348.0,0.31,0.29
168,Nested shallow random forest,0.22921083365418318,0.26666666666666666,0.23692103433692896,15,0,GJ 1061 b,GJ 1061,Radial Velocity,0,3.204,2953.0,0.16,0.12
169,Nested shallow random forest,0.2521048404850716,0.4666666666666667,0.23692103433692896,15,0,GJ 1061 c,GJ 1061,Radial Velocity,1,6.689,2953.0,0.16,0.12
170,Nested shallow random forest,0.4147645516381129,1.0,0.23692103433692896,15,1,GJ 1061 d,GJ 1061,Radial Velocity,1,13.031,2953.0,0.16,0.12
176,Nested shallow random forest,0.13165142432235497,0.13333333333333333,0.25341334446263725,15,0,GJ 1214 b,GJ 1214,Transit,0,1.58040433,3250.0,0.21,0.18
193,Nested shallow random forest,0.24004701007987217,0.4666666666666667,0.2409487083550985,15,0,GJ 251 b,GJ 251,Radial Velocity,0,14.238,3451.0,0.36,0.36
195,Nested shallow random forest,0.38360866236415825,1.0,0.22627311411624243,15,1,GJ 273 b,GJ 273,Radial Velocity,1,18.6498,3382.0,0.29,0.29
196,Nested shallow random forest,0.07769376007989769,0.0,0.22627311411624243,15,0,GJ 273 c,GJ 273,Radial Velocity,0,4.7234,3382.0,0.29,0.29
199,Nested shallow random forest,0.028063455777030694,0.0,0.21605762346227783,15,0,GJ 3138 b,GJ 3138,Radial Velocity,0,1.22003,3717.0,0.5,0.68
200,Nested shallow random forest,0.029946129607956805,0.0,0.21605762346227783,15,0,GJ 3138 c,GJ 3138,Radial Velocity,0,5.974,3717.0,0.5,0.68
201,Nested shallow random forest,0.4384334110253693,1.0,0.21605762346227783,15,1,GJ 3138 d,GJ 3138,Radial Velocity,0,257.8,3717.0,0.5,0.68
205,Nested shallow random forest,0.39747595921830714,0.9333333333333333,0.2278950871084589,15,1,GJ 3293 b,GJ 3293,Radial Velocity,1,30.5987,3466.0,0.4,0.42
206,Nested shallow random forest,0.5326613162582127,1.0,0.2278950871084589,15,1,GJ 3293 c,GJ 3293,Radial Velocity,0,122.6196,3466.0,0.4,0.42
207,Nested shallow random forest,0.5080554217566856,1.0,0.2278950871084589,15,1,GJ 3293 d,GJ 3293,Radial Velocity,1,48.1345,3466.0,0.4,0.42
208,Nested shallow random forest,0.1417709717914425,0.06666666666666667,0.2278950871084589,15,0,GJ 3293 e,GJ 3293,Radial Velocity,0,13.2543,3466.0,0.4,0.42
209,Nested shallow random forest,0.25218508477279195,0.5333333333333333,0.24287991739007822,15,1,GJ 3323 b,GJ 3323,Radial Velocity,0,5.3636,3159.0,0.12,0.16
210,Nested shallow random forest,0.6385557221766441,1.0,0.24287991739007822,15,1,GJ 3323 c,GJ 3323,Radial Velocity,0,40.54,3159.0,0.12,0.16
214,Nested shallow random forest,0.04943817470245081,0.0,0.22915417788964407,15,0,GJ 3473 b,GJ 3473,Transit,0,1.1980035,3347.0,0.36,0.36
215,Nested shallow random forest,0.25007454037104104,0.5333333333333333,0.22915417788964407,15,1,GJ 3473 c,GJ 3473,Radial Velocity,0,15.509,3347.0,0.36,0.36
217,Nested shallow random forest,0.02145343863990486,0.0,0.24083737925491278,15,0,GJ 357 b,GJ 357,Transit,0,3.93072,3505.0,0.34,0.34
218,Nested shallow random forest,0.06037983061380658,0.0,0.24083737925491278,15,0,GJ 357 c,GJ 357,Radial Velocity,0,9.1247,3505.0,0.34,0.34
219,Nested shallow random forest,0.5186596737237492,1.0,0.24083737925491278,15,1,GJ 357 d,GJ 357,Radial Velocity,1,55.661,3505.0,0.34,0.34
222,Nested shallow random forest,0.04251097976426596,0.0,0.24802310437476452,15,0,GJ 393 b,GJ 393,Radial Velocity,0,7.02679,3579.0,0.43,0.43
226,Nested shallow random forest,0.15052739003034274,0.06666666666666667,0.244955544518064,15,0,GJ 411 b,GJ 411,Radial Velocity,0,12.946,3601.0,0.39,0.39
236,Nested shallow random forest,0.07196863399347143,0.0,0.22704163185848925,15,0,GJ 486 b,GJ 486,Radial Velocity,0,1.467119,3340.0,0.33,0.32
260,Nested shallow random forest,0.02732583981028577,0.0,0.2561903973143472,15,0,GJ 740 b,GJ 740,Radial Velocity,0,2.37756,3913.0,0.56,0.58
270,Nested shallow random forest,0.054043984080194965,0.0,0.22878211172289883,15,0,GJ 887 b,GJ 887,Radial Velocity,0,9.262,3688.0,0.47,0.49
271,Nested shallow random forest,0.2722863690145961,0.8,0.22878211172289883,15,1,GJ 887 c,GJ 887,Radial Velocity,0,21.789,3688.0,0.47,0.49
279,Nested shallow random forest,0.0009979410708858458,0.0,0.21497664602682853,15,0,GPX-1 b,GPX-1,Transit,0,1.744579,7000.0,1.56,1.68
305,Nested shallow random forest,0.0021642735890296666,0.0,0.25206972971807995,15,0,HAT-P-25 b,HAT-P-25,Transit,0,3.65281514,5519.0,0.92,1.01
313,Nested shallow random forest,0.0005914365920058822,0.0,0.25383562738385984,15,0,HAT-P-32 b,HAT-P-32,Transit,0,2.1500082,6001.0,1.37,1.13
340,Nested shallow random forest,0.0010526804271971466,0.0,0.2548819215210694,15,0,HAT-P-58 b,HAT-P-58,Transit,0,4.0138379,6078.0,1.53,1.03
341,Nested shallow random forest,0.00287573968338798,0.0,0.23714068243166378,15,0,HAT-P-59 b,HAT-P-59,Transit,0,4.1419771,5678.0,1.1,1.01
343,Nested shallow random forest,0.001190704316025095,0.0,0.2513129575967275,15,0,HAT-P-60 b,HAT-P-60,Transit,0,4.7947813,6212.0,2.2,1.44
344,Nested shallow random forest,0.0033454941061056335,0.0,0.23841522546879468,15,0,HAT-P-61 b,HAT-P-61,Transit,0,1.90231289,5587.0,0.94,1.0
345,Nested shallow random forest,0.0034363292859387667,0.0,0.230708057525022,15,0,HAT-P-62 b,HAT-P-62,Transit,0,2.6453235,5629.0,1.17,1.02
346,Nested shallow random forest,0.0031719746003141813,0.0,0.20956686466212174,15,0,HAT-P-63 b,HAT-P-63,Transit,0,3.377728,5400.0,0.97,0.93
347,Nested shallow random forest,0.000994246093085559,0.0,0.2189138713225866,15,0,HAT-P-64 b,HAT-P-64,Transit,0,4.007232,6457.0,1.74,1.3
351,Nested shallow random forest,0.018413412095480537,0.0,0.20521083194687373,15,0,HAT-P-68 b,HAT-P-68,Transit,0,2.29840551,4508.0,0.67,0.68
356,Nested shallow random forest,0.0007211027075153376,0.0,0.24279550421777607,15,0,HAT-P-9 b,HAT-P-9,Transit,0,3.92281072,6350.0,1.34,1.28
365,Nested shallow random forest,0.016906801143685264,0.0,0.2503973112958868,15,0,HATS-17 b,HATS-17,Transit,0,16.254611,5846.0,1.09,1.13
384,Nested shallow random forest,0.0022017715300303134,0.0,0.23700031716786324,15,0,HATS-37 A b,HATS-37 A,Transit,0,4.3315366,5326.0,0.88,0.84
385,Nested shallow random forest,0.004858257920538099,0.0,0.22882209784148902,15,0,HATS-38 b,HATS-38,Transit,0,4.375021,5732.0,1.1,0.89
395,Nested shallow random forest,0.012700033227386312,0.0,0.22591881622301005,15,0,HATS-47 b,HATS-47,Transit,0,3.9228038,4512.0,0.66,0.67
396,Nested shallow random forest,0.013380813294527226,0.0,0.20931404895941885,15,0,HATS-48 A b,HATS-48 A,Transit,0,3.1316666,4546.0,0.72,0.73
397,Nested shallow random forest,0.01567655854647112,0.0,0.25675002815887527,15,0,HATS-49 b,HATS-49,Transit,0,4.1480467,4405.0,0.7,0.71
408,Nested shallow random forest,0.0050129475011793665,0.0,0.22660249085462494,15,0,HATS-59 b,HATS-59,Transit,0,5.416081,5670.0,1.04,1.04
409,Nested shallow random forest,0.17891169834947568,0.3333333333333333,0.22660249085462494,15,0,HATS-59 c,HATS-59,Radial Velocity,0,1422.0,5670.0,1.04,1.04
411,Nested shallow random forest,0.00193912930970848,0.0,0.24260056153749818,15,0,HATS-60 b,HATS-60,Transit,0,3.560829,5688.0,1.46,1.1
412,Nested shallow random forest,0.0022425763501140463,0.0,0.23790427063619687,15,0,HATS-61 b,HATS-61,Transit,0,7.817953,5542.0,1.66,1.08
413,Nested shallow random forest,0.002760249791917906,0.0,0.23907361933870594,15,0,HATS-62 b,HATS-62,Transit,0,3.2768837,5416.0,0.93,0.9
414,Nested shallow random forest,0.004259107827141473,0.0,0.23687986949453207,15,0,HATS-63 b,HATS-63,Transit,0,3.0566527,5627.0,1.07,0.93
415,Nested shallow random forest,0.00133025861982224,0.0,0.2438917924466928,15,0,HATS-64 b,HATS-64,Transit,0,4.908897,6554.0,2.11,1.56
416,Nested shallow random forest,0.0015627324036422555,0.0,0.24474741280160908,15,0,HATS-65 b,HATS-65,Transit,0,3.105161,6277.0,1.31,1.26
417,Nested shallow random forest,0.0009519303372376802,0.0,0.25436816725969863,15,0,HATS-66 b,HATS-66,Transit,0,3.1414391,6626.0,1.84,1.41
418,Nested shallow random forest,0.0009656499675261246,0.0,0.24421818339675735,15,0,HATS-67 b,HATS-67,Transit,0,1.6091788,6594.0,1.44,1.44
419,Nested shallow random forest,0.0012309173455740995,0.0,0.23420101515205188,15,0,HATS-68 b,HATS-68,Transit,0,3.5862202,6147.0,1.75,1.35
420,Nested shallow random forest,0.0029526087327717133,0.0,0.22099715626974722,15,0,HATS-69 b,HATS-69,Transit,0,2.2252577,5137.0,0.88,0.89
422,Nested shallow random forest,0.0016833108904329265,0.0,0.2142220756842841,15,0,HATS-70 b,HATS-70,Transit,0,1.8882378,7930.0,1.88,1.78
424,Nested shallow random forest,0.009856521122098599,0.0,0.2595486669184852,15,0,HATS-72 b,HATS-72,Transit,0,7.3279474,4656.1,0.72,0.73
475,Nested shallow random forest,0.12685844360538318,0.0,0.25020341309286614,15,0,HD 109286 b,HD 109286,Radial Velocity,1,520.1,5694.0,1.09,0.98
479,Nested shallow random forest,0.00470770117669848,0.0,0.20795703090607057,15,0,HD 110113 b,HD 110113,Transit,0,2.541,5732.0,0.97,1.0
480,Nested shallow random forest,0.020663997426599478,0.0,0.20795703090607057,15,0,HD 110113 c,HD 110113,Radial Velocity,0,6.744,5732.0,0.97,1.0
497,Nested shallow random forest,0.2003601392381343,0.3333333333333333,0.2148275270141261,15,0,HD 115954 b,HD 115954,Radial Velocity,0,3700.0,5957.0,1.21,1.18
539,Nested shallow random forest,0.030352359654702187,0.0,0.25198385185227606,15,0,HD 136352 b,HD 136352,Radial Velocity,0,11.57797,5664.0,1.06,0.87
540,Nested shallow random forest,0.07405154731599212,0.0,0.25198385185227606,15,0,HD 136352 c,HD 136352,Radial Velocity,0,27.59221,5664.0,1.06,0.87
541,Nested shallow random forest,0.15492320418690383,0.06666666666666667,0.25198385185227606,15,0,HD 136352 d,HD 136352,Radial Velocity,0,107.245,5664.0,1.06,0.87
553,Nested shallow random forest,0.008478757498744953,0.0,0.24646924837770665,15,0,HD 1397 b,HD 1397,Transit,0,11.53533,5521.0,2.34,1.32
591,Nested shallow random forest,0.006013718217630814,0.0,0.227370185478736,15,0,HD 152843 b,HD 152843,Transit,0,11.6264,6310.0,1.43,1.15
662,Nested shallow random forest,0.02296929097583297,0.0,0.2293089940847056,15,0,HD 176986 b,HD 176986,Radial Velocity,0,6.4898,4931.0,0.78,0.79
663,Nested shallow random forest,0.03715575597565816,0.0,0.2293089940847056,15,0,HD 176986 c,HD 176986,Radial Velocity,0,16.8191,4931.0,0.78,0.79
683,Nested shallow random forest,0.014215013329600842,0.0,0.23879386441019143,15,0,HD 183579 b,HD 183579,Transit,0,17.471278,5788.0,0.98,1.03
719,Nested shallow random forest,0.0016272841117311622,0.0,0.24173741275780355,15,0,HD 202772 A b,HD 202772 A,Transit,0,3.308958,6272.0,2.59,1.72
736,Nested shallow random forest,0.01753304863646745,0.0,0.23233897025089564,15,0,HD 207897 b,HD 207897,Transit,0,16.202159,5070.0,0.78,0.8
749,Nested shallow random forest,0.18019261355510272,0.26666666666666666,0.22150905851128044,15,0,HD 211403 b,HD 211403,Radial Velocity,0,223.8,6273.0,1.21,1.2
781,Nested shallow random forest,0.02630273400465808,0.0,0.2227582168335563,15,0,HD 219134 b,HD 219134,Radial Velocity,0,3.092926,4699.0,0.78,0.81
782,Nested shallow random forest,0.026725322803814,0.0,0.2227582168335563,15,0,HD 219134 c,HD 219134,Radial Velocity,0,6.76458,4699.0,0.78,0.81
783,Nested shallow random forest,0.20264616977985248,0.26666666666666666,0.2227582168335563,15,0,HD 219134 d,HD 219134,Radial Velocity,0,46.859,4699.0,0.78,0.81
784,Nested shallow random forest,0.09119278256886945,0.0,0.2227582168335563,15,0,HD 219134 f,HD 219134,Radial Velocity,0,22.717,4699.0,0.78,0.81
805,Nested shallow random forest,0.030971362318703514,0.0,0.2319369431116703,15,0,HD 22496 b,HD 22496,Radial Velocity,0,5.09071,4385.0,0.67,0.68
815,Nested shallow random forest,0.08467453287866043,0.0,0.22663645167015858,15,0,HD 238090 b,HD 238090,Radial Velocity,0,13.671,3933.0,0.57,0.58
835,Nested shallow random forest,0.0968752484051096,0.0,0.2566986175282094,15,0,HD 27969 b,HD 27969,Radial Velocity,1,654.5,5966.0,1.27,1.16
856,Nested shallow random forest,0.0038442266913986996,0.0,0.2298687559186637,15,0,HD 3167 d,HD 3167,Transit,0,8.509,5261.0,0.86,0.86
863,Nested shallow random forest,0.024989133812363708,0.0,0.24312027595552096,15,0,HD 332231 b,HD 332231,Transit,0,18.71204,6089.0,1.28,1.13
905,Nested shallow random forest,0.16196138984687936,0.0,0.249745827334852,15,0,HD 42618 b,HD 42618,Radial Velocity,0,149.61,5727.0,1.0,1.01
935,Nested shallow random forest,0.011210321364097407,0.0,0.2297350586592488,15,0,HD 5278 b,HD 5278,Transit,0,14.339156,6203.0,1.19,1.13
953,Nested shallow random forest,0.0034970902008971535,0.0,0.2535950420973179,15,0,HD 63935 b,HD 63935,Transit,0,9.058811,5534.0,0.96,0.93
954,Nested shallow random forest,0.05291676863670729,0.0,0.2535950420973179,15,0,HD 63935 c,HD 63935,Radial Velocity,0,21.4023,5534.0,0.96,0.93
992,Nested shallow random forest,0.029172849157900613,0.0,0.22338878651872238,15,0,HD 7924 c,HD 7924,Radial Velocity,0,15.299,5075.0,0.78,0.83
993,Nested shallow random forest,0.07267662202368966,0.0,0.22338878651872238,15,0,HD 7924 d,HD 7924,Radial Velocity,0,24.451,5075.0,0.78,0.83
997,Nested shallow random forest,0.20442091850622982,0.4,0.20488877428794658,15,0,HD 80869 b,HD 80869,Radial Velocity,0,1711.7,5837.0,1.06,1.08
1038,Nested shallow random forest,0.15399340299814154,0.13333333333333333,0.22332440577199067,15,0,HD 95338 b,HD 95338,Radial Velocity,0,55.087,5212.0,0.87,0.83
1039,Nested shallow random forest,0.18961010665022898,0.26666666666666666,0.2278247938062125,15,0,HD 95544 b,HD 95544,Radial Velocity,0,2172.0,5722.0,1.09,1.09
1088,Nested shallow random forest,0.009891198864522107,0.0,0.23095386788796549,15,0,HIP 65 A b,HIP 65 A,Transit,0,0.9809734,4590.0,0.72,0.78
1114,Nested shallow random forest,0.0009248297733028862,0.0,0.24684324711341069,15,0,HR 858 b,HR 858,Transit,0,3.58599,6201.0,1.31,1.15
1115,Nested shallow random forest,0.0009644178134362329,0.0,0.24684324711341069,15,0,HR 858 c,HR 858,Transit,0,5.97293,6201.0,1.31,1.15
1116,Nested shallow random forest,0.005582871114358746,0.0,0.24684324711341069,15,0,HR 858 d,HR 858,Transit,0,11.23,6201.0,1.31,1.15
1126,Nested shallow random forest,0.004190376799805307,0.0,0.22900528250352487,15,0,K2-100 b,K2-100,Transit,0,1.6739035,5945.0,1.24,1.15
1140,Nested shallow random forest,0.014342453826575147,0.0,0.19266765773922992,15,0,K2-116 b,K2-116,Transit,0,4.655411,4348.35,0.67,0.69
1143,Nested shallow random forest,0.23652457692418336,0.5333333333333333,0.23438939898087094,15,1,K2-118 b,K2-118,Transit,0,50.92092,4726.29,0.73,0.76
1146,Nested shallow random forest,0.02420750359790381,0.0,0.2340189945659099,15,0,K2-120 b,K2-120,Transit,0,9.562742,4349.9,0.67,0.69
1151,Nested shallow random forest,0.2758937430953882,0.8666666666666667,0.22691090226285462,15,1,K2-125 b,K2-125,Transit,0,21.750264,3654.47,0.4,0.49
1154,Nested shallow random forest,0.009779628114683353,0.0,0.24028841990741673,15,0,K2-128 b,K2-128,Transit,0,5.675819,4469.51,0.78,0.71
1155,Nested shallow random forest,0.05999684612161464,0.0,0.22662209832936947,15,0,K2-129 b,K2-129,Transit,0,8.239493,3459.09,0.36,0.36
1157,Nested shallow random forest,0.008444743622344512,0.0,0.23647549070207083,15,0,K2-130 b,K2-130,Transit,0,2.49412,4356.47,0.74,0.7
1163,Nested shallow random forest,0.3564929438429936,0.8666666666666667,0.23890769438987527,15,1,K2-133 e,K2-133,Transit,0,26.5841,3655.0,0.46,0.46
1176,Nested shallow random forest,0.0036453642450690734,0.0,0.21874361348317048,15,0,K2-140 b,K2-140,Transit,0,6.569188,5585.0,1.06,0.96
1181,Nested shallow random forest,0.0177022694217057,0.0,0.2388678022731024,15,0,K2-147 b,K2-147,Transit,0,0.961917,3672.0,0.55,0.58
1182,Nested shallow random forest,0.009447641735484201,0.0,0.2530222058837831,15,0,K2-148 b,K2-148,Transit,0,4.38395,4079.0,0.63,0.65
1183,Nested shallow random forest,0.010223625901621474,0.0,0.2530222058837831,15,0,K2-148 c,K2-148,Transit,0,6.9226,4079.0,0.63,0.65
1184,Nested shallow random forest,0.018847221076455974,0.0,0.2530222058837831,15,0,K2-148 d,K2-148,Transit,0,9.7579,4079.0,0.63,0.65
1185,Nested shallow random forest,0.09017414057483228,0.06666666666666667,0.243841946542582,15,0,K2-149 b,K2-149,Transit,0,11.332,3745.0,0.57,0.59
1187,Nested shallow random forest,0.10166827728804391,0.0,0.22562658887408546,15,0,K2-150 b,K2-150,Transit,0,10.59357,3499.0,0.44,0.46
1201,Nested shallow random forest,0.017075244706782986,0.0,0.22082939395697984,15,0,K2-16 b,K2-16,Transit,0,7.6188,4742.0,0.66,0.68
1202,Nested shallow random forest,0.1537337161662097,0.13333333333333333,0.22082939395697984,15,0,K2-16 c,K2-16,Transit,0,19.07863,4742.0,0.66,0.68
1248,Nested shallow random forest,0.00160728211447364,0.0,0.23903409535312797,15,0,K2-19 b,K2-19,Transit,0,7.9194,5430.0,0.86,0.93
1249,Nested shallow random forest,0.006812702537269561,0.0,0.23903409535312797,15,0,K2-19 c,K2-19,Transit,0,11.90715,5430.0,0.86,0.93
1250,Nested shallow random forest,0.0015297426770838,0.0,0.23903409535312797,15,0,K2-19 d,K2-19,Transit,0,2.50856,5430.0,0.86,0.93
1277,Nested shallow random forest,0.018320912128923054,0.0,0.22091508452826059,15,0,K2-21 b,K2-21,Transit,0,9.325038,4222.06,0.65,0.68
1278,Nested shallow random forest,0.0505562524376919,0.0,0.22091508452826059,15,0,K2-21 c,K2-21,Transit,0,15.50192,4222.06,0.65,0.68
1285,Nested shallow random forest,0.007703642667039466,0.0,0.2534632352198882,15,0,K2-216 b,K2-216,Transit,0,2.1748,4503.0,0.72,0.7
1343,Nested shallow random forest,0.09263989248189611,0.0,0.2516966053457161,15,0,K2-26 b,K2-26,Transit,0,14.5665,3785.0,0.52,0.56
1350,Nested shallow random forest,0.010614262665164707,0.0,0.2341716723493476,15,0,K2-266 b,K2-266,Transit,0,0.658524,4285.0,0.7,0.69
1351,Nested shallow random forest,0.01149866517214692,0.0,0.2341716723493476,15,0,K2-266 c,K2-266,Transit,0,7.814,4285.0,0.7,0.69
1352,Nested shallow random forest,0.046290496166836094,0.0,0.2341716723493476,15,0,K2-266 d,K2-266,Transit,0,14.697,4285.0,0.7,0.69
1353,Nested shallow random forest,0.14426825213111924,0.13333333333333333,0.2341716723493476,15,0,K2-266 e,K2-266,Transit,0,19.482,4285.0,0.7,0.69
1360,Nested shallow random forest,0.0031106952618915,0.0,0.22912187917144783,15,0,K2-27 b,K2-27,Transit,0,6.771315,5248.0,0.89,0.87
1378,Nested shallow random forest,0.011081310884979547,0.0,0.2303821115578416,15,0,K2-284 b,K2-284,Transit,0,4.795069,4140.0,0.61,0.63
1379,Nested shallow random forest,0.004362467046355647,0.0,0.25835138034966565,15,0,K2-285 b,K2-285,Transit,0,3.471745,4975.0,0.79,0.83
1380,Nested shallow random forest,0.0044616103894967,0.0,0.25835138034966565,15,0,K2-285 c,K2-285,Transit,0,7.138048,4975.0,0.79,0.83
1381,Nested shallow random forest,0.008988435902825987,0.0,0.25835138034966565,15,0,K2-285 d,K2-285,Transit,0,10.45582,4975.0,0.79,0.83
1382,Nested shallow random forest,0.01268272064650116,0.0,0.25835138034966565,15,0,K2-285 e,K2-285,Transit,0,14.76289,4975.0,0.79,0.83
1390,Nested shallow random forest,0.0029181644384927733,0.0,0.24786446108541335,15,0,K2-291 b,K2-291,Transit,0,2.225177,5520.0,0.9,0.93
1391,Nested shallow random forest,0.013869813879134074,0.0,0.2316040397557859,15,0,K2-292 b,K2-292,Transit,0,16.9841,5725.0,1.09,1.0
1401,Nested shallow random forest,0.13942979258139862,0.06666666666666667,0.24494080730421236,15,0,K2-315 b,K2-315,Transit,0,3.1443189,3300.0,0.2,0.17
1418,Nested shallow random forest,0.009564435130277214,0.0,0.2408414211134896,15,0,K2-329 b,K2-329,Transit,0,12.4551225,5282.0,0.82,0.9
1444,Nested shallow random forest,0.012155883224362833,0.0,0.24375711677645803,15,0,K2-35 b,K2-35,Transit,0,2.399964,4402.71,0.62,0.7
1445,Nested shallow random forest,0.012308041501864606,0.0,0.24375711677645803,15,0,K2-35 c,K2-35,Transit,0,5.608352,4402.71,0.62,0.7
1458,Nested shallow random forest,0.014655622207085828,0.0,0.23515718996373025,15,0,K2-36 b,K2-36,Transit,0,1.422614,4916.0,0.72,0.79
1459,Nested shallow random forest,0.014742583386073153,0.0,0.23515718996373025,15,0,K2-36 c,K2-36,Transit,0,5.340888,4916.0,0.72,0.79
1460,Nested shallow random forest,0.00383973863565356,0.0,0.22410221052570092,15,0,K2-37 b,K2-37,Transit,0,4.44117,5413.0,0.85,0.9
1461,Nested shallow random forest,0.003916847872701214,0.0,0.22410221052570092,15,0,K2-37 c,K2-37,Transit,0,6.42904,5413.0,0.85,0.9
1462,Nested shallow random forest,0.011660453803145426,0.0,0.22410221052570092,15,0,K2-37 d,K2-37,Transit,0,14.09189,5413.0,0.85,0.9
1464,Nested shallow random forest,0.007884195634556886,0.0,0.24096856765069488,15,0,K2-38 c,K2-38,Transit,0,10.56103,5757.0,1.1,1.07
1466,Nested shallow random forest,0.032851964852668246,0.0,0.22071035131720607,15,0,K2-4 b,K2-4,Transit,0,10.003417,4014.73,0.57,0.64
1467,Nested shallow random forest,0.01504245814165048,0.0,0.24745936933508236,15,0,K2-42 b,K2-42,Transit,0,6.68796,4613.0,0.64,0.7
1471,Nested shallow random forest,0.013948258402546687,0.0,0.21678438408752004,15,0,K2-45 b,K2-45,Transit,0,1.7292684,4103.0,0.45,0.5
1472,Nested shallow random forest,0.021120052924403797,0.0,0.24733251721843413,15,0,K2-46 b,K2-46,Transit,0,19.1541,6256.0,1.29,0.96
1473,Nested shallow random forest,0.2070114245586116,0.3333333333333333,0.2449492124752049,15,0,K2-47 b,K2-47,Transit,0,31.6372,5054.0,0.76,0.75
1474,Nested shallow random forest,0.0727884806062089,0.0,0.2436078077130542,15,0,K2-48 b,K2-48,Transit,0,20.5065,4899.0,0.73,0.77
1475,Nested shallow random forest,0.012956266614818874,0.0,0.2380704122240536,15,0,K2-49 b,K2-49,Transit,0,2.77065,4175.0,0.45,0.51
1476,Nested shallow random forest,0.016932938242514486,0.0,0.2451031324584621,15,0,K2-5 b,K2-5,Transit,0,5.73594,3930.0,0.57,0.61
1477,Nested shallow random forest,0.042153249513102876,0.0,0.2451031324584621,15,0,K2-5 c,K2-5,Transit,0,10.93241,3930.0,0.57,0.61
1478,Nested shallow random forest,0.021485790599284307,0.0,0.22242190845259785,15,0,K2-50 b,K2-50,Transit,0,8.7529,4326.0,0.55,0.61
1481,Nested shallow random forest,0.06133364171997122,0.0,0.232102793969133,15,0,K2-54 b,K2-54,Transit,0,9.7843,3798.0,0.38,0.42
1482,Nested shallow random forest,0.013930333331296533,0.0,0.21958094323718838,15,0,K2-55 b,K2-55,Transit,0,2.849258,4456.0,0.63,0.7
1483,Nested shallow random forest,0.011239988599410548,0.0,0.21582895840372376,15,0,K2-57 b,K2-57,Transit,0,9.0063,4434.0,0.62,0.68
1484,Nested shallow random forest,0.00220347402964294,0.0,0.23459870885235484,15,0,K2-58 b,K2-58,Transit,0,7.05254,5413.0,0.86,0.89
1485,Nested shallow random forest,0.0020710695325323334,0.0,0.23459870885235484,15,0,K2-58 c,K2-58,Transit,0,2.53726,5413.0,0.86,0.89
1486,Nested shallow random forest,0.026339204230582686,0.0,0.23459870885235484,15,0,K2-58 d,K2-58,Transit,0,22.8827,5413.0,0.86,0.89
1487,Nested shallow random forest,0.06824951361287314,0.0,0.2399112915384264,15,0,K2-59 b,K2-59,Transit,0,20.6921,5055.0,0.73,0.77
1488,Nested shallow random forest,0.02383280536013581,0.0,0.2399112915384264,15,0,K2-59 c,K2-59,Transit,0,11.2954,5055.0,0.73,0.77
1491,Nested shallow random forest,0.001469950728368566,0.0,0.24558039256826927,15,0,K2-61 b,K2-61,Transit,0,2.57302,6293.0,1.36,1.21
1492,Nested shallow random forest,0.010824423547471308,0.0,0.2222495924514895,15,0,K2-62 b,K2-62,Transit,0,6.67202,4880.0,0.73,0.77
1493,Nested shallow random forest,0.03112225693139968,0.0,0.2222495924514895,15,0,K2-62 c,K2-62,Transit,0,16.1966,4880.0,0.73,0.77
1494,Nested shallow random forest,0.02598494712307328,0.0,0.223279084442385,15,0,K2-63 b,K2-63,Transit,0,20.257,6771.0,1.63,1.4
1495,Nested shallow random forest,0.035011366506608396,0.0,0.223279084442385,15,0,K2-63 c,K2-63,Transit,0,25.4556,6771.0,1.63,1.4
1496,Nested shallow random forest,0.010571606462998335,0.0,0.24020661337345806,15,0,K2-64 b,K2-64,Transit,0,6.53044,5312.0,0.73,0.74
1497,Nested shallow random forest,0.01107461497124936,0.0,0.24599305617469466,15,0,K2-65 b,K2-65,Transit,0,12.6475,5213.0,0.84,0.87
1498,Nested shallow random forest,0.001954984989521282,0.0,0.2425438680537978,15,0,K2-66 b,K2-66,Transit,0,5.06963,5887.0,1.67,1.11
1499,Nested shallow random forest,0.016073822104336853,0.0,0.23053499994919027,15,0,K2-68 b,K2-68,Transit,0,8.05428,4746.0,0.68,0.73
1500,Nested shallow random forest,0.022406686853783435,0.0,0.2461631785690704,15,0,K2-69 b,K2-69,Transit,0,7.06599,4127.0,0.49,0.55
1502,Nested shallow random forest,0.009444222622180075,0.0,0.22975431457931678,15,0,K2-70 b,K2-70,Transit,0,13.97896,5622.0,0.93,0.94
1503,Nested shallow random forest,0.02029279301357492,0.0,0.26057622048726353,15,0,K2-71 b,K2-71,Transit,0,6.98541,4006.0,0.43,0.48
1504,Nested shallow random forest,0.07211360435580735,0.0,0.2665324779774773,15,0,K2-72 b,K2-72,Transit,0,5.577212,3360.47,0.33,0.27
1505,Nested shallow random forest,0.2657386852319139,0.4,0.2665324779774773,15,0,K2-72 c,K2-72,Transit,0,15.189034,3360.47,0.33,0.27
1506,Nested shallow random forest,0.09323788256471212,0.0,0.2665324779774773,15,0,K2-72 d,K2-72,Transit,0,7.760178,3360.47,0.33,0.27
1507,Nested shallow random forest,0.42433674175442904,0.9333333333333333,0.2665324779774773,15,1,K2-72 e,K2-72,Transit,1,24.158868,3360.47,0.33,0.27
1508,Nested shallow random forest,0.004439172802790147,0.0,0.25431571513399576,15,0,K2-73 b,K2-73,Transit,0,7.49543,5922.0,1.06,1.05
1509,Nested shallow random forest,0.037444447477668966,0.0,0.2386112869594337,15,0,K2-74 b,K2-74,Transit,0,19.5666,6060.0,0.98,0.96
1510,Nested shallow random forest,0.0012657624368811215,0.0,0.2358013734125356,15,0,K2-75 b,K2-75,Transit,0,7.8142,5995.0,1.56,1.16
1511,Nested shallow random forest,0.019809080759555907,0.0,0.2358013734125356,15,0,K2-75 c,K2-75,Transit,0,18.311,5995.0,1.56,1.16
1512,Nested shallow random forest,0.012176243917397253,0.0,0.2337549415541561,15,0,K2-77 b,K2-77,Transit,0,8.199796,4970.0,0.76,0.8
1513,Nested shallow random forest,0.006649473826517613,0.0,0.2109393510044493,15,0,K2-79 b,K2-79,Transit,0,10.99573,5926.0,1.28,1.06
1514,Nested shallow random forest,0.021147849717203647,0.0,0.23937639686935303,15,0,K2-8 b,K2-8,Transit,0,10.35239,4870.0,0.74,0.78
1515,Nested shallow random forest,0.010944661843075347,0.0,0.23937639686935303,15,0,K2-8 c,K2-8,Transit,0,5.06416,4870.0,0.74,0.78
1516,Nested shallow random forest,0.02775520450837218,0.0,0.21991859291747623,15,0,K2-80 b,K2-80,Transit,0,19.0918,5441.0,0.87,0.9
1517,Nested shallow random forest,0.0031219988226566667,0.0,0.21991859291747623,15,0,K2-80 c,K2-80,Transit,0,5.605,5441.0,0.87,0.9
1519,Nested shallow random forest,0.012617753468657915,0.0,0.24240198310119496,15,0,K2-81 b,K2-81,Transit,0,6.102325,4674.13,0.63,0.75
1520,Nested shallow random forest,0.0145464776810196,0.0,0.22945498641499834,15,0,K2-83 b,K2-83,Transit,0,2.74697,3910.0,0.42,0.48
1521,Nested shallow random forest,0.03750832321013179,0.0,0.22945498641499834,15,0,K2-83 c,K2-83,Transit,0,9.99767,3910.0,0.42,0.48
1522,Nested shallow random forest,0.0030686919985507535,0.0,0.2294185108149964,15,0,K2-84 b,K2-84,Transit,0,6.4215,5652.0,0.93,0.95
1523,Nested shallow random forest,0.05771352362405371,0.0,0.2294185108149964,15,0,K2-84 c,K2-84,Transit,0,27.86,5652.0,0.93,0.95
1524,Nested shallow random forest,0.024870133669878728,0.0,0.23679485475387071,15,0,K2-85 b,K2-85,Transit,0,0.684533,4268.0,0.51,0.57
1525,Nested shallow random forest,0.006020509105514093,0.0,0.2219733469155962,15,0,K2-86 b,K2-86,Transit,0,8.77683,5482.0,0.76,0.79
1527,Nested shallow random forest,0.06494007185894991,0.0,0.23566052935187154,15,0,K2-88 b,K2-88,Transit,0,4.6122,3537.0,0.26,0.26
1528,Nested shallow random forest,0.028080787382925233,0.0,0.22309942724507498,15,0,K2-89 b,K2-89,Transit,0,1.096026,3691.0,0.32,0.35
1529,Nested shallow random forest,0.24171989914575825,0.6,0.23721083461634018,15,1,K2-9 b,K2-9,Transit,1,18.4498,3390.0,0.31,0.3
1531,Nested shallow random forest,0.007564851440445553,0.0,0.21779497719876492,15,0,K2-90 c,K2-90,Transit,0,2.900706,4421.98,0.63,0.7
1532,Nested shallow random forest,0.058716786772553965,0.0,0.24477309465505562,15,0,K2-91 b,K2-91,Transit,0,1.419549,3622.0,0.28,0.29
1538,Nested shallow random forest,0.00402971790740164,0.0,0.24340949365193268,15,0,KELT-10 b,KELT-10,Transit,0,4.1662739,5948.0,1.21,1.11
1540,Nested shallow random forest,0.001827239449004552,0.0,0.24097936378052454,15,0,KELT-12 b,KELT-12,Transit,0,5.031623,6279.0,2.37,1.59
1545,Nested shallow random forest,0.00258506604759732,0.0,0.23421832794055705,15,0,KELT-18 b,KELT-18,Transit,0,2.8717518,6670.0,1.91,1.52
1546,Nested shallow random forest,0.0007847931705793825,0.0,0.2319436765397984,15,0,KELT-19 A b,KELT-19 A,Transit,0,4.6117093,7500.0,1.83,1.62
1548,Nested shallow random forest,0.0016989732202639142,0.0,0.23350946285269136,15,0,KELT-20 b,KELT-20,Transit,0,3.4741085,8720.0,1.56,1.76
1549,Nested shallow random forest,0.0022875127352937562,0.0,0.21966897233907012,15,0,KELT-21 b,KELT-21,Transit,0,3.6127647,7598.0,1.64,1.46
1550,Nested shallow random forest,0.004858766814234161,0.0,0.24835526454837156,15,0,KELT-23 A b,KELT-23 A,Transit,0,2.255251,5899.0,1.0,0.94
1551,Nested shallow random forest,0.0023076798909485875,0.0,0.2303827426090796,15,0,KELT-24 b,KELT-24,Transit,0,5.5514926,6509.0,1.51,1.46
1553,Nested shallow random forest,0.002002367927830112,0.0,0.24005233403464513,15,0,KELT-4 A b,KELT-4 A,Transit,0,2.9895932,6206.0,1.6,1.2
1558,Nested shallow random forest,0.0012411228484424553,0.0,0.23086527475452542,15,0,KELT-9 b,KELT-9,Transit,0,1.4811235,10170.0,2.36,2.52
1606,Nested shallow random forest,0.17515583831000417,0.2,0.23507491629075394,15,0,KOI-1783.01,KOI-1783,Transit,0,134.4628,5922.0,1.14,1.08
1607,Nested shallow random forest,0.18718840912029938,0.26666666666666666,0.23507491629075394,15,0,KOI-1783.02,KOI-1783,Transit,0,284.215,5922.0,1.14,1.08
1627,Nested shallow random forest,0.0014325257906341398,0.0,0.2531500330327436,15,0,KPS-1 b,KPS-1,Transit,0,1.706291,5165.0,0.91,0.89
1700,Nested shallow random forest,0.004484129999029967,0.0,0.23506380889079387,15,0,Kepler-105 c,Kepler-105,Transit,0,7.1262,5827.0,0.89,0.96
2136,Nested shallow random forest,0.0565743420573525,0.0,0.24539113152057188,15,0,Kepler-138 b,Kepler-138,Transit,0,10.3126,3841.0,0.44,0.52
2137,Nested shallow random forest,0.08742745920468212,0.0,0.24539113152057188,15,0,Kepler-138 c,Kepler-138,Transit,0,13.7813,3841.0,0.44,0.52
2138,Nested shallow random forest,0.23867424766581147,0.4666666666666667,0.24539113152057188,15,0,Kepler-138 d,Kepler-138,Transit,0,23.0881,3841.0,0.44,0.52
2313,Nested shallow random forest,0.14596541015075098,0.0,0.25411597024600496,15,0,Kepler-1514 b,Kepler-1514,Transit,0,217.83184,6145.0,1.29,1.2
2314,Nested shallow random forest,0.00750448680914036,0.0,0.25411597024600496,15,0,Kepler-1514 c,Kepler-1514,Transit,0,10.514181,6145.0,1.29,1.2
2487,Nested shallow random forest,0.15942671190314167,0.0,0.2608909495971664,15,0,Kepler-1649 b,Kepler-1649,Transit,0,8.689099,3240.0,0.23,0.2
2488,Nested shallow random forest,0.3952766121364071,0.9333333333333333,0.2608909495971664,15,1,Kepler-1649 c,Kepler-1649,Transit,1,19.53527,3240.0,0.23,0.2
2493,Nested shallow random forest,0.40416328480393754,1.0,0.2336797848883725,15,1,Kepler-1652 b,Kepler-1652,Transit,1,38.09722,3638.0,0.38,0.4
2494,Nested shallow random forest,0.3041240651435997,0.8,0.254528072153273,15,1,Kepler-1653 b,Kepler-1653,Transit,1,140.2524,4807.0,0.69,0.72
2495,Nested shallow random forest,0.16574664090897662,0.13333333333333333,0.24900014177819935,15,0,Kepler-1654 b,Kepler-1654,Transit,0,1047.8356,5597.0,1.18,1.01
2496,Nested shallow random forest,0.011807100050808846,0.0,0.2359571141444455,15,0,Kepler-1655 b,Kepler-1655,Transit,0,11.8728787,6148.0,1.03,1.03
2502,Nested shallow random forest,0.15325671694224408,0.13333333333333333,0.21487433973579112,15,0,Kepler-1661 b,Kepler-1661,Transit,1,175.06,5100.0,0.76,0.84
2511,Nested shallow random forest,0.008618497056622407,0.0,0.23887391902248084,15,0,Kepler-167 b,Kepler-167,Transit,0,4.3931632,4890.0,0.73,0.77
2512,Nested shallow random forest,0.008759089281485286,0.0,0.23887391902248084,15,0,Kepler-167 c,Kepler-167,Transit,0,7.406114,4890.0,0.73,0.77
2513,Nested shallow random forest,0.07276914287033875,0.0,0.23887391902248084,15,0,Kepler-167 d,Kepler-167,Transit,0,21.803855,4890.0,0.73,0.77
2514,Nested shallow random forest,0.27138664713211913,0.6,0.23887391902248084,15,1,Kepler-167 e,Kepler-167,Transit,0,1071.23228,4890.0,0.73,0.77
2558,Nested shallow random forest,0.16466131231382788,0.13333333333333333,0.25424686406330405,15,0,Kepler-1704 b,Kepler-1704,Transit,0,988.88113,5745.0,1.7,1.13
2577,Nested shallow random forest,0.08868447829220466,0.0,0.22862467784328158,15,0,Kepler-177 b,Kepler-177,Transit,0,36.8601,5732.0,1.32,0.92
2578,Nested shallow random forest,0.09537825811239432,0.0,0.22862467784328158,15,0,Kepler-177 c,Kepler-177,Transit,0,49.40926,5732.0,1.32,0.92
2604,Nested shallow random forest,0.47106138856389707,1.0,0.23682582141096198,15,1,Kepler-186 f,Kepler-186,Transit,0,129.9441,3755.0,0.52,0.54
2819,Nested shallow random forest,0.07244242760498236,0.0,0.23992537469712116,15,0,Kepler-26 b,Kepler-26,Transit,0,12.28,3914.0,0.51,0.54
2820,Nested shallow random forest,0.10616609490549364,0.0,0.23992537469712116,15,0,Kepler-26 c,Kepler-26,Transit,0,17.2559,3914.0,0.51,0.54
2901,Nested shallow random forest,0.016416619724570407,0.0,0.23664338337449362,15,0,Kepler-29 b,Kepler-29,Transit,0,10.33974,5378.0,0.73,0.76
2902,Nested shallow random forest,0.020875079245535524,0.0,0.23664338337449362,15,0,Kepler-29 c,Kepler-29,Transit,0,13.28613,5378.0,0.73,0.76
2919,Nested shallow random forest,0.0470441557886393,0.0,0.22827538470891814,15,0,Kepler-296 b,Kepler-296,Transit,0,10.864384,3740.0,0.48,0.5
2920,Nested shallow random forest,0.017605351462925856,0.0,0.22827538470891814,15,0,Kepler-296 c,Kepler-296,Transit,0,5.8416366,3740.0,0.48,0.5
2921,Nested shallow random forest,0.21890998744939455,0.5333333333333333,0.22827538470891814,15,1,Kepler-296 d,Kepler-296,Transit,0,19.850291,3740.0,0.48,0.5
2922,Nested shallow random forest,0.3754220165653265,1.0,0.22827538470891814,15,1,Kepler-296 e,Kepler-296,Transit,1,34.14211,3740.0,0.48,0.5
2923,Nested shallow random forest,0.4201738621624061,1.0,0.22827538470891814,15,1,Kepler-296 f,Kepler-296,Transit,1,63.33627,3740.0,0.48,0.5
2957,Nested shallow random forest,0.008197358070014886,0.0,0.250311543368021,15,0,Kepler-307 b,Kepler-307,Transit,0,10.4208,5367.0,0.81,0.91
2958,Nested shallow random forest,0.01115041172988354,0.0,0.250311543368021,15,0,Kepler-307 c,Kepler-307,Transit,0,13.0729,5367.0,0.81,0.91
3099,Nested shallow random forest,0.008827153226914233,0.0,0.2270576254252558,15,0,Kepler-36 b,Kepler-36,Transit,0,13.86825,5979.0,1.63,1.03
3100,Nested shallow random forest,0.008934140466254412,0.0,0.2270576254252558,15,0,Kepler-36 c,Kepler-36,Transit,0,16.21865,5979.0,1.63,1.03
3259,Nested shallow random forest,0.2943287795414536,0.8666666666666667,0.23129161783783642,15,1,Kepler-436 b,Kepler-436,Transit,1,64.00205,4651.0,0.7,0.73
3261,Nested shallow random forest,0.4496187916884892,1.0,0.24680197326425443,15,1,Kepler-437 b,Kepler-437,Transit,0,66.65062,4551.0,0.68,0.71
3262,Nested shallow random forest,0.3222900555118112,1.0,0.2187834955513435,15,1,Kepler-438 b,Kepler-438,Transit,1,35.23319,3748.0,0.52,0.54
3263,Nested shallow random forest,0.17979038531719085,0.3333333333333333,0.22688637133247494,15,0,Kepler-439 b,Kepler-439,Transit,0,178.1396,5431.0,0.87,0.88
3265,Nested shallow random forest,0.3748356038297624,1.0,0.20350794471678263,15,1,Kepler-440 b,Kepler-440,Transit,1,101.11141,4134.0,0.56,0.57
3266,Nested shallow random forest,0.5057359590484126,1.0,0.26628602872703466,15,1,Kepler-441 b,Kepler-441,Transit,0,207.2482,4340.0,0.55,0.57
3267,Nested shallow random forest,0.3677207558591948,1.0,0.21161277992943464,15,1,Kepler-442 b,Kepler-442,Transit,1,112.3053,4402.0,0.6,0.61
3268,Nested shallow random forest,0.3067141937089966,0.8666666666666667,0.22849332736372413,15,1,Kepler-443 b,Kepler-443,Transit,1,177.6693,4723.0,0.71,0.74
3288,Nested shallow random forest,0.1207724430987127,0.0,0.2443426149458729,15,0,Kepler-452 b,Kepler-452,Transit,1,384.843,5757.0,1.11,1.04
3401,Nested shallow random forest,0.13417463212719202,0.06666666666666667,0.235406291604615,15,0,Kepler-538 b,Kepler-538,Transit,0,81.73778,5547.0,0.87,0.89
3488,Nested shallow random forest,0.0053168604682334135,0.0,0.23183553762014283,15,0,Kepler-60 b,Kepler-60,Transit,0,7.1334,5905.0,1.26,1.04
3489,Nested shallow random forest,0.00537158560255178,0.0,0.23183553762014283,15,0,Kepler-60 c,Kepler-60,Transit,0,8.9187,5905.0,1.26,1.04
3490,Nested shallow random forest,0.01324953450916842,0.0,0.23183553762014283,15,0,Kepler-60 d,Kepler-60,Transit,0,11.8981,5905.0,1.26,1.04
4003,Nested shallow random forest,0.050725651163143405,0.0,0.2131868524371057,15,0,L 98-59 b,L 98-59,Transit,0,2.2531136,3415.0,0.3,0.27
4004,Nested shallow random forest,0.05142449459154759,0.0,0.2131868524371057,15,0,L 98-59 c,L 98-59,Transit,0,3.6906777,3415.0,0.3,0.27
4005,Nested shallow random forest,0.08752290560243246,0.0,0.2131868524371057,15,0,L 98-59 d,L 98-59,Transit,0,7.4507245,3415.0,0.3,0.27
4010,Nested shallow random forest,0.02741496737145072,0.0,0.2441690429072592,15,0,LHS 1678 b,LHS 1678,Transit,0,0.8602322,3490.0,0.33,0.34
4011,Nested shallow random forest,0.027874952674142695,0.0,0.2441690429072592,15,0,LHS 1678 c,LHS 1678,Transit,0,3.694247,3490.0,0.33,0.34
4013,Nested shallow random forest,0.20163528031181108,0.4666666666666667,0.21639302930580748,15,0,LHS 3844 b,LHS 3844,Transit,0,0.46292913,3036.0,0.19,0.15
4015,Nested shallow random forest,0.21945362062598248,0.3333333333333333,0.2307139755734766,15,0,LP 791-18 b,LP 791-18,Transit,0,0.948005,2960.0,0.17,0.14
4016,Nested shallow random forest,0.23125340650703305,0.4,0.2307139755734766,15,0,LP 791-18 c,LP 791-18,Transit,0,4.989963,2960.0,0.17,0.14
4019,Nested shallow random forest,0.05272289652952514,0.0,0.23843488613648736,15,0,LTT 3780 b,LTT 3780,Transit,0,0.768448,3331.0,0.37,0.4
4020,Nested shallow random forest,0.20331001256314407,0.26666666666666666,0.23843488613648736,15,0,LTT 3780 c,LTT 3780,Transit,0,12.2519,3331.0,0.37,0.4
4059,Nested shallow random forest,0.007621801451733953,0.0,0.23857123940494976,15,0,NGTS-1 b,NGTS-1,Transit,0,2.647298,3916.0,0.57,0.62
4062,Nested shallow random forest,0.0020120624279408796,0.0,0.24345629383874026,15,0,NGTS-12 b,NGTS-12,Transit,0,7.532806,5690.0,1.59,1.02
4063,Nested shallow random forest,0.002384581159807981,0.0,0.2347756594183472,15,0,NGTS-13 b,NGTS-13,Transit,0,4.119027,5819.0,1.79,1.3
4065,Nested shallow random forest,0.004123085454736913,0.0,0.22650944664311415,15,0,NGTS-15 b,NGTS-15,Transit,0,3.27623,5600.0,0.95,0.99
4066,Nested shallow random forest,0.0039437903995855,0.0,0.24140093425936499,15,0,NGTS-16 b,NGTS-16,Transit,0,4.84532,5550.0,1.21,1.0
4067,Nested shallow random forest,0.0029367396497038765,0.0,0.2226806333231985,15,0,NGTS-17 b,NGTS-17,Transit,0,3.24253,5650.0,1.34,1.02
4068,Nested shallow random forest,0.0020119628290129,0.0,0.2307907363215281,15,0,NGTS-18 b,NGTS-18,Transit,0,3.05125,5610.0,1.39,1.0
4074,Nested shallow random forest,0.004124690434842946,0.0,0.224613025789714,15,0,NGTS-8 b,NGTS-8,Transit,0,2.4997,5241.0,0.98,0.89
4075,Nested shallow random forest,0.0019031922288249381,0.0,0.23128071403483402,15,0,NGTS-9 b,NGTS-9,Transit,0,4.43527,6330.0,1.38,1.34
4172,Nested shallow random forest,0.36238773842245287,0.8666666666666667,0.23387027545147504,15,1,Proxima Cen b,Proxima Cen,Radial Velocity,1,11.186,3050.0,0.14,0.12
4176,Nested shallow random forest,0.004131752989167427,0.0,0.22143825082364735,15,0,Qatar-3 b,Qatar-3,Transit,0,2.5079204,6007.0,1.27,1.15
4177,Nested shallow random forest,0.003571633661613126,0.0,0.2186896452710588,15,0,Qatar-4 b,Qatar-4,Transit,0,1.8053564,5215.0,0.85,0.9
4178,Nested shallow random forest,0.004662849208762953,0.0,0.23985121822000272,15,0,Qatar-5 b,Qatar-5,Transit,0,2.8792319,5747.0,1.08,1.13
4186,Nested shallow random forest,0.17657814545788553,0.3333333333333333,0.21115254639469436,15,0,Ross 128 b,Ross 128,Radial Velocity,1,9.8658,3192.0,0.2,0.17
4196,Nested shallow random forest,0.0015344463668645412,0.0,0.2269421392426218,15,0,TOI-1062 b,TOI-1062,Transit,0,4.11296,5328.0,0.84,0.94
4197,Nested shallow random forest,0.0015700997839155414,0.0,0.2269421392426218,15,0,TOI-1062 c,TOI-1062,Transit,0,7.972,5328.0,0.84,0.94
4200,Nested shallow random forest,0.024360191257135632,0.0,0.22559279740616803,15,0,TOI-1201 b,TOI-1201,Transit,0,2.4919863,3476.0,0.51,0.51
4201,Nested shallow random forest,0.053254049787993155,0.0,0.2058361780918464,15,0,TOI-122 b,TOI-122,Transit,0,5.07803,3403.0,0.33,0.31
4202,Nested shallow random forest,0.2936841260699571,0.7333333333333333,0.23462018383098077,15,1,TOI-1231 b,TOI-1231,Transit,0,24.245586,3553.0,0.48,0.48
4203,Nested shallow random forest,0.008771151246194967,0.0,0.22211506334214987,15,0,TOI-1235 b,TOI-1235,Transit,0,3.444717,3997.0,0.62,0.63
4204,Nested shallow random forest,0.0033752874130438333,0.0,0.22922519511246023,15,0,TOI-125 b,TOI-125,Transit,0,4.65382,5320.0,0.85,0.86
4205,Nested shallow random forest,0.0039969470744110735,0.0,0.22922519511246023,15,0,TOI-125 c,TOI-125,Transit,0,9.15059,5320.0,0.85,0.86
4206,Nested shallow random forest,0.029267453818646403,0.0,0.22922519511246023,15,0,TOI-125 d,TOI-125,Transit,0,19.98,5320.0,0.85,0.86
4208,Nested shallow random forest,0.00576745679464874,0.0,0.23377491576025522,15,0,TOI-1260 b,TOI-1260,Transit,0,3.12748,4227.0,0.65,0.66
4209,Nested shallow random forest,0.0066906662455491605,0.0,0.23377491576025522,15,0,TOI-1260 c,TOI-1260,Transit,0,7.49325,4227.0,0.65,0.66
4210,Nested shallow random forest,0.08811533199638409,0.0,0.24931446536340993,15,0,TOI-1266 b,TOI-1266,Transit,0,10.894843,3600.0,0.42,0.45
4211,Nested shallow random forest,0.23373200635915478,0.5333333333333333,0.24931446536340993,15,1,TOI-1266 c,TOI-1266,Transit,0,18.80151,3600.0,0.42,0.45
4215,Nested shallow random forest,0.00170381366231788,0.0,0.23804562769820264,15,0,TOI-132 b,TOI-132,Transit,0,2.1097019,5397.0,0.9,0.97
4218,Nested shallow random forest,0.0017537966802698623,0.0,0.22236760230817337,15,0,TOI-1431 b,TOI-1431,Transit,0,2.650237,7690.0,1.92,1.9
4224,Nested shallow random forest,0.0030978601445000534,0.0,0.2403351863133907,15,0,TOI-157 b,TOI-157,Transit,0,2.0845435,5404.0,1.17,0.95
4227,Nested shallow random forest,0.017170195069215532,0.0,0.24247895235825906,15,0,TOI-1634 b,TOI-1634,Transit,0,0.989343,3550.0,0.45,0.5
4228,Nested shallow random forest,0.028467051074897942,0.0,0.23867302623505485,15,0,TOI-1685 b,TOI-1685,Transit,0,0.6691403,3434.0,0.49,0.49
4229,Nested shallow random forest,0.002673882001259968,0.0,0.23431559507703234,15,0,TOI-169 b,TOI-169,Transit,0,2.2554477,5880.0,1.29,1.15
4230,Nested shallow random forest,0.002232441481802287,0.0,0.24337980602755283,15,0,TOI-172 b,TOI-172,Transit,0,9.47725,5645.0,1.78,1.13
4231,Nested shallow random forest,0.01159908837635042,0.0,0.2278116351766974,15,0,TOI-1728 b,TOI-1728,Transit,0,3.49151,3980.0,0.62,0.65
4241,Nested shallow random forest,0.0011344365947573466,0.0,0.22367758200304702,15,0,TOI-1789 b,TOI-1789,Transit,0,3.208664,5991.0,2.17,1.51
4243,Nested shallow random forest,0.2912205123603796,0.7333333333333333,0.2466090072240861,15,1,TOI-1899 b,TOI-1899,Transit,0,29.02,3841.0,0.61,0.63
4248,Nested shallow random forest,0.10681875321652907,0.0,0.23819218810752962,15,0,TOI-216.01,TOI-216,Transit,0,34.556,5026.0,0.84,0.87
4249,Nested shallow random forest,0.01459010908736742,0.0,0.23819218810752962,15,0,TOI-216.02,TOI-216,Transit,0,17.089,5026.0,0.84,0.87
4254,Nested shallow random forest,0.24041853134117955,0.6666666666666666,0.21680865184449838,15,1,TOI-2285 b,TOI-2285,Transit,1,27.26955,3491.0,0.46,0.45
4255,Nested shallow random forest,0.1623454240565375,0.2,0.24019230552557996,15,0,TOI-237 b,TOI-237,Transit,0,5.436098,3212.0,0.21,0.18
4256,Nested shallow random forest,0.19738052901198852,0.2,0.23704638942770806,15,0,TOI-2406 b,TOI-2406,Transit,0,3.0766896,3100.0,0.2,0.16
4258,Nested shallow random forest,0.025704949809931064,0.0,0.22112477445069426,15,0,TOI-257 b,TOI-257,Transit,0,18.38818,6095.0,1.87,1.41
4259,Nested shallow random forest,0.025772375545994153,0.0,0.22660536324144526,15,0,TOI-269 b,TOI-269,Transit,0,3.6977104,3514.0,0.4,0.39
4264,Nested shallow random forest,0.0029235283310980733,0.0,0.22809361170481673,15,0,TOI-421 b,TOI-421,Transit,0,5.19672,5325.0,0.87,0.85
4265,Nested shallow random forest,0.010309734355804113,0.0,0.22809361170481673,15,0,TOI-421 c,TOI-421,Transit,0,16.06819,5325.0,0.87,0.85
4275,Nested shallow random forest,0.00641757062638458,0.0,0.2313452205295031,15,0,TOI-532 b,TOI-532,Transit,0,2.3266508,3927.0,0.61,0.64
4276,Nested shallow random forest,0.15826752568840455,0.13333333333333333,0.22111260004859531,15,0,TOI-540 b,TOI-540,Transit,0,1.2391491,3216.0,0.19,0.16
4284,Nested shallow random forest,0.00470049417390382,0.0,0.2294413287743962,15,0,TOI-564 b,TOI-564,Transit,0,1.651144,5640.0,1.09,1.0
4287,Nested shallow random forest,0.01790167413088405,0.0,0.2411500646341164,15,0,TOI-674 b,TOI-674,Transit,0,1.977143,3514.0,0.42,0.42
4289,Nested shallow random forest,0.10564927122318198,0.06666666666666667,0.22992523779999427,15,0,TOI-700 b,TOI-700,Transit,0,9.97702,3461.0,0.42,0.41
4290,Nested shallow random forest,0.15982463953268214,0.13333333333333333,0.22992523779999427,15,0,TOI-700 c,TOI-700,Transit,0,16.05111,3461.0,0.42,0.41
4291,Nested shallow random forest,0.5138820882180488,1.0,0.22992523779999427,15,1,TOI-700 d,TOI-700,Transit,1,37.42475,3461.0,0.42,0.41
4294,Nested shallow random forest,0.016140798352314474,0.0,0.22747231465781914,15,0,TOI-776 b,TOI-776,Transit,0,8.24661,3709.0,0.54,0.54
4295,Nested shallow random forest,0.06588116420457937,0.0,0.22747231465781914,15,0,TOI-776 c,TOI-776,Transit,0,15.6653,3709.0,0.54,0.54
4296,Nested shallow random forest,0.12639207548806694,0.06666666666666667,0.23252618870422428,15,0,TOI-813 b,TOI-813,Transit,0,83.8911,5907.0,1.94,1.32
4297,Nested shallow random forest,0.013328304888691741,0.0,0.22627280286432563,15,0,TOI-824 b,TOI-824,Transit,0,1.392978,4600.0,0.69,0.71
4301,Nested shallow random forest,0.0040088895654765335,0.0,0.23322878181398807,15,0,TOI-905 b,TOI-905,Transit,0,3.739494,5570.0,0.92,0.97
4304,Nested shallow random forest,0.0021697108819079404,0.0,0.2386636083364728,15,0,TOI-954 b,TOI-954,Transit,0,3.6849729,5710.0,1.89,1.2
4305,Nested shallow random forest,0.14658943200399208,0.06666666666666667,0.24719288624314473,15,0,TRAPPIST-1 b,TRAPPIST-1,Transit,0,1.510826,2566.0,0.12,0.09
4306,Nested shallow random forest,0.14658943200399208,0.06666666666666667,0.24719288624314473,15,0,TRAPPIST-1 c,TRAPPIST-1,Transit,0,2.421937,2566.0,0.12,0.09
4307,Nested shallow random forest,0.14680841369781458,0.06666666666666667,0.24719288624314473,15,0,TRAPPIST-1 d,TRAPPIST-1,Transit,1,4.049219,2566.0,0.12,0.09
4308,Nested shallow random forest,0.16101657555243826,0.13333333333333333,0.24719288624314473,15,0,TRAPPIST-1 e,TRAPPIST-1,Transit,1,6.101013,2566.0,0.12,0.09
4309,Nested shallow random forest,0.1774841299245614,0.2,0.24719288624314473,15,0,TRAPPIST-1 f,TRAPPIST-1,Transit,1,9.20754,2566.0,0.12,0.09
4310,Nested shallow random forest,0.3639180247780278,1.0,0.24719288624314473,15,1,TRAPPIST-1 g,TRAPPIST-1,Transit,0,12.352446,2566.0,0.12,0.09
4311,Nested shallow random forest,0.47806046563942933,1.0,0.24719288624314473,15,1,TRAPPIST-1 h,TRAPPIST-1,Transit,0,18.772866,2566.0,0.12,0.09
4320,Nested shallow random forest,0.20569456733036245,0.4666666666666667,0.22481651766433094,15,0,Teegarden's Star b,Teegarden's Star,Radial Velocity,1,4.91,2904.0,0.11,0.09
4321,Nested shallow random forest,0.34323862993371174,0.9333333333333333,0.22481651766433094,15,1,Teegarden's Star c,Teegarden's Star,Radial Velocity,1,11.409,2904.0,0.11,0.09
4386,Nested shallow random forest,0.00396859803612146,0.0,0.2332654777331858,15,0,WASP-151 b,WASP-151,Transit,0,4.533471,5871.0,1.14,1.08
4387,Nested shallow random forest,0.0010773250632729132,0.0,0.222455732797512,15,0,WASP-153 b,WASP-153,Transit,0,3.332609,5914.0,1.73,1.34
4388,Nested shallow random forest,0.008236627924396219,0.0,0.23161460892810182,15,0,WASP-156 b,WASP-156,Transit,0,3.836169,4910.0,0.76,0.84
4394,Nested shallow random forest,0.0021520152674295726,0.0,0.2287613973832122,15,0,WASP-161 b,WASP-161,Transit,0,5.4060425,6400.0,1.71,1.39
4396,Nested shallow random forest,0.00320558163357838,0.0,0.22935319530748174,15,0,WASP-163 b,WASP-163,Transit,0,1.6096884,5500.0,1.01,0.97
4399,Nested shallow random forest,0.00328624228233036,0.0,0.2237189747010255,15,0,WASP-166 b,WASP-166,Transit,0,5.44354,6050.0,1.22,1.19
4404,Nested shallow random forest,0.0040171277552461596,0.0,0.23392652937244537,15,0,WASP-170 b,WASP-170,Transit,0,2.34478022,5600.0,0.94,0.93
4426,Nested shallow random forest,0.003152521304962,0.0,0.22897131634153406,15,0,WASP-2 b,WASP-2,Transit,0,2.152175,5180.0,0.87,0.9
4451,Nested shallow random forest,0.0033096396474673597,0.0,0.2468276076844375,15,0,WASP-44 b,WASP-44,Transit,0,2.423804,5420.0,0.91,0.94
4452,Nested shallow random forest,0.002946694558980773,0.0,0.24030321584879716,15,0,WASP-45 b,WASP-45,Transit,0,3.126089,5150.0,0.85,0.85
4516,Nested shallow random forest,0.08087237972597866,0.0,0.22607294070722983,15,0,WD 1856+534 b,WD 1856+534,Transit,0,1.4079405,4710.0,0.01,0.52
4522,Nested shallow random forest,0.08490655389781182,0.0,0.2586114482799587,15,0,Wolf 1061 b,Wolf 1061,Radial Velocity,0,4.8869,3342.0,0.31,0.29
4523,Nested shallow random forest,0.32657072987711727,0.7333333333333333,0.2586114482799587,15,1,Wolf 1061 c,Wolf 1061,Radial Velocity,1,17.8719,3342.0,0.31,0.29
4524,Nested shallow random forest,0.6160519166470996,1.0,0.2586114482799587,15,1,Wolf 1061 d,Wolf 1061,Radial Velocity,0,217.21,3342.0,0.31,0.29
4525,Nested shallow random forest,0.02069277858331434,0.0,0.2370289304584326,15,0,Wolf 503 b,Wolf 503,Transit,0,6.00118,4716.0,0.69,0.69
4534,Nested shallow random forest,0.0020502191579265506,0.0,0.2295897472136362,15,0,XO-7 b,XO-7,Transit,0,2.8641424,6250.0,1.48,1.41
4562,Nested shallow random forest,0.006762654718509073,0.0,0.2081753781531816,15,0,pi Men c,HD 39091,Transit,0,6.2679,6037.0,1.1,1.09
4564,Nested shallow random forest,0.10446368901236056,0.0,0.2295215047651711,15,0,rho CrB b,rho CrB,Radial Velocity,0,39.8458,5627.0,1.36,0.89
4565,Nested shallow random forest,0.14391316009923097,0.13333333333333333,0.2295215047651711,15,0,rho CrB c,rho CrB,Radial Velocity,0,102.54,5627.0,1.36,0.89
